timestamp,label,mode,scope,prefix,reads,logicalBytes,remoteGets,remoteBytes,readAmp,cacheHitRate,policySwitches,fallbackReads,demandClampReads,ioLatencySumNanos,nsPerOp,p50Ns,p95Ns,p99Ns,prefetchGets,prefetchBytes,prefetchUsefulBytes,prefetchWastedBytes,prefetchCancelledBytes
20260812-140415,e4_block_256KiB,forced_s3a_prefetch,all,,11189,2588051441,5110,2977424083,1.1505,0.5433,0,0,0,241525076271,22133813.5,49615,99849538,136945283,0,0,0,0,0
20260812-140415,e4_block_256KiB,forced_s3a_prefetch,prefix,taxi,659,1064016617,496,884551691,0.8313,0.2473,0,0,0,0,0.0,0,0,0,0,0,0,0,0
20260812-140415,e4_block_256KiB,forced_s3a_prefetch,prefix,mm,2785,569189337,1599,707097384,1.2423,0.4259,0,0,0,0,0.0,0,0,0,0,0,0,0,0
20260812-140415,e4_block_256KiB,forced_s3a_prefetch,prefix,emb_real,1216,969764,4,1105690,1.1402,0.9967,0,0,0,0,0.0,0,0,0,0,0,0,0,0
20260812-140415,e4_block_256KiB,forced_s3a_prefetch,prefix,tpch,1309,295968743,499,190986372,0.6453,0.6188,0,0,0,0,0.0,0,0,0,0,0,0,0,0
20260812-140415,e4_block_256KiB,forced_s3a_prefetch,prefix,fmnist,1216,6140828,580,152575890,24.8461,0.5230,0,0,0,0,0.0,0,0,0,0,0,0,0,0
20260812-140415,e4_block_256KiB,forced_s3a_prefetch,prefix,sift,1216,3142849,577,150904675,48.0152,0.5255,0,0,0,0,0.0,0,0,0,0,0,0,0,0
20260812-140415,e4_block_256KiB,forced_s3a_prefetch,prefix,clickbench,1572,646756165,1344,886688055,1.3710,0.1450,0,0,0,0,0.0,0,0,0,0,0,0,0,0
20260812-140415,e4_block_256KiB,forced_s3a_prefetch,prefix,lastfm,1216,1867138,11,3514326,1.8822,0.9910,0,0,0,0,0.0,0,0,0,0,0,0,0,0
